INSERT INTO `kullanicilar` VALUES ('11111111-d1cc-11f0-9e59-2e6112e38707','OGRENCI','Zeynep',NULL,'Kara','zeynep.kara@ahievran.edu.tr','2020004','ege9hjHSayvhsvxf3429ozeMNuKYQir1leQ1n7k1cWY=','xLzYZJiSRJqKjVkJK3WnD8iVjQEaN7NKrg9g8jIQ/SXE+kOt9XXuKY5aN1my9AzKRTDLorv0NeACx74u096Jwg==','2025-12-07 14:12:13','2025-12-23 02:29:18'),('22222222-d1cc-11f0-9e59-2e6112e38707','OGRENCI','Emre',NULL,'Şahin','emre.sahin@ahievran.edu.tr','2020005','ege9hjHSayvhsvxf3429ozeMNuKYQir1leQ1n7k1cWY=','xLzYZJiSRJqKjVkJK3WnD8iVjQEaN7NKrg9g8jIQ/SXE+kOt9XXuKY5aN1my9AzKRTDLorv0NeACx74u096Jwg==','2025-12-07 14:12:13','2025-12-23 02:29:18'),('33333333-d1cc-11f0-9e59-2e6112e38707','AKADEMISYEN','Selin',NULL,'Aydın','selin.aydin@ahievran.edu.tr','AKD003','ege9hjHSayvhsvxf3429ozeMNuKYQir1leQ1n7k1cWY=','xLzYZJiSRJqKjVkJK3WnD8iVjQEaN7NKrg9g8jIQ/SXE+kOt9XXuKY5aN1my9AzKRTDLorv0NeACx74u096Jwg==','2025-12-07 14:12:13','2025-12-23 02:29:19'),('44444444-d1cc-11f0-9e59-2e6112e38707','PERSONEL','Murat',NULL,'Yıldız','murat.yildiz@ahievran.edu.tr','PRS001','ege9hjHSayvhsvxf3429ozeMNuKYQir1leQ1n7k1cWY=','xLzYZJiSRJqKjVkJK3WnD8iVjQEaN7NKrg9g8jIQ/SXE+kOt9XXuKY5aN1my9AzKRTDLorv0NeACx74u096Jwg==','2025-12-07 14:12:13','2025-12-23 02:29:19'),('55555555-d1cc-11f0-9e59-2e6112e38707','PERSONEL','Elif',NULL,'Demir','elif.demir@ahievran.edu.tr','PRS002','ege9hjHSayvhsvxf3429ozeMNuKYQir1leQ1n7k1cWY=','xLzYZJiSRJqKjVkJK3WnD8iVjQEaN7NKrg9g8jIQ/SXE+kOt9XXuKY5aN1my9AzKRTDLorv0NeACx74u096Jwg==','2025-12-07 14:12:13','2025-12-23 02:29:20'),('6522f71a-d1cc-11f0-9e59-2e6112e38707','AKADEMISYEN','Ahmet',NULL,'Yılmaz','ahmet.yilmaz@ahievran.edu.tr','AKD001','ege9hjHSayvhsvxf3429ozeMNuKYQir1leQ1n7k1cWY=','xLzYZJiSRJqKjVkJK3WnD8iVjQEaN7NKrg9g8jIQ/SXE+kOt9XXuKY5aN1my9AzKRTDLorv0NeACx74u096Jwg==','2025-12-07 14:12:12','2025-12-23 02:29:20'),('6522fbca-d1cc-11f0-9e59-2e6112e38707','AKADEMISYEN','Fatma',NULL,'Demir','fatma.demir@ahievran.edu.tr','AKD002','ege9hjHSayvhsvxf3429ozeMNuKYQir1leQ1n7k1cWY=','xLzYZJiSRJqKjVkJK3WnD8iVjQEaN7NKrg9g8jIQ/SXE+kOt9XXuKY5aN1my9AzKRTDLorv0NeACx74u096Jwg==','2025-12-07 14:12:12','2025-12-23 02:29:20'),('653479ae-d1cc-11f0-9e59-2e6112e38707','OGRENCI','Mehmet',NULL,'Kaya','mehmet.kaya@ahievran.edu.tr','2020001','ege9hjHSayvhsvxf3429ozeMNuKYQir1leQ1n7k1cWY=','xLzYZJiSRJqKjVkJK3WnD8iVjQEaN7NKrg9g8jIQ/SXE+kOt9XXuKY5aN1my9AzKRTDLorv0NeACx74u096Jwg==','2025-12-07 14:12:12','2025-12-23 02:29:20'),('653482ab-d1cc-11f0-9e59-2e6112e38707','OGRENCI','Ayşe',NULL,'Çelik','ayse.celik@ahievran.edu.tr','2020002','ege9hjHSayvhsvxf3429ozeMNuKYQir1leQ1n7k1cWY=','xLzYZJiSRJqKjVkJK3WnD8iVjQEaN7NKrg9g8jIQ/SXE+kOt9XXuKY5aN1my9AzKRTDLorv0NeACx74u096Jwg==','2025-12-07 14:12:12','2025-12-23 02:29:21'),('6534845e-d1cc-11f0-9e59-2e6112e38707','OGRENCI','Ali',NULL,'Öztürk','ali.ozturk@ahievran.edu.tr','2020003','ege9hjHSayvhsvxf3429ozeMNuKYQir1leQ1n7k1cWY=','xLzYZJiSRJqKjVkJK3WnD8iVjQEaN7NKrg9g8jIQ/SXE+kOt9XXuKY5aN1my9AzKRTDLorv0NeACx74u096Jwg==','2025-12-07 14:12:12','2025-12-23 02:29:21');
INSERT INTO `adresler` VALUES ('b9da6275-d376-11f0-9e59-2e6112e38707','6522f71a-d1cc-11f0-9e59-2e6112e38707','Ahi Evran Bulvarı No:14','Kırşehir','Merkez','40100','Türkiye',1,'2025-12-07 14:12:12','2025-12-07 14:12:12'),('b9da66c4-d376-11f0-9e59-2e6112e38707','653479ae-d1cc-11f0-9e59-2e6112e38707','Kuşdili Mah. 12. Sokak','Kırşehir','Merkez','40200','Türkiye',1,'2025-12-07 14:12:12','2025-12-07 14:12:12'),('b9da680f-d376-11f0-9e59-2e6112e38707','653482ab-d1cc-11f0-9e59-2e6112e38707','Bahçelievler 7. Cadde','Ankara','Çankaya','06500','Türkiye',1,'2025-12-07 14:12:12','2025-12-07 14:12:12'),('bac48f1e-d376-11f0-9e59-2e6112e38707','11111111-d1cc-11f0-9e59-2e6112e38707','Atatürk Cad. No:5','İstanbul','Kadıköy','34710','Türkiye',1,'2025-12-07 14:12:14','2025-12-07 14:12:14'),('bac49480-d376-11f0-9e59-2e6112e38707','22222222-d1cc-11f0-9e59-2e6112e38707','Cumhuriyet Mah. 3. Sokak','İzmir','Konak','35210','Türkiye',1,'2025-12-07 14:12:14','2025-12-07 14:12:14'),('bac4964d-d376-11f0-9e59-2e6112e38707','33333333-d1cc-11f0-9e59-2e6112e38707','Barbaros Bulvarı No:20','Ankara','Çankaya','06530','Türkiye',1,'2025-12-07 14:12:14','2025-12-07 14:12:14'),('bac4971f-d376-11f0-9e59-2e6112e38707','44444444-d1cc-11f0-9e59-2e6112e38707','İnönü Cad. No:15','Antalya','Muratpaşa','07100','Türkiye',1,'2025-12-07 14:12:14','2025-12-07 14:12:14'),('bac4986e-d376-11f0-9e59-2e6112e38707','55555555-d1cc-11f0-9e59-2e6112e38707','Kordonboyu Mah. 7. Sokak','Trabzon','Ortahisar','61030','Türkiye',1,'2025-12-07 14:12:14','2025-12-07 14:12:14');
INSERT INTO `epostalar` VALUES ('b9fb9f8d-d376-11f0-9e59-2e6112e38707','653479ae-d1cc-11f0-9e59-2e6112e38707','mehmet.kaya@gmail.com','KISISEL',1,'2025-12-07 14:12:12','2025-12-07 14:12:12'),('b9fba3a1-d376-11f0-9e59-2e6112e38707','6522f71a-d1cc-11f0-9e59-2e6112e38707','ahmetyilmaz@hotmail.com','KISISEL',1,'2025-12-07 14:12:12','2025-12-07 14:12:12'),('baf3390a-d376-11f0-9e59-2e6112e38707','11111111-d1cc-11f0-9e59-2e6112e38707','zeynep.kara@gmail.com','KISISEL',1,'2025-12-07 14:12:14','2025-12-07 14:12:14'),('baf3406a-d376-11f0-9e59-2e6112e38707','22222222-d1cc-11f0-9e59-2e6112e38707','emre.sahin@gmail.com','KISISEL',1,'2025-12-07 14:12:14','2025-12-07 14:12:14'),('baf3423a-d376-11f0-9e59-2e6112e38707','33333333-d1cc-11f0-9e59-2e6112e38707','selin.aydin@gmail.com','KISISEL',1,'2025-12-07 14:12:14','2025-12-07 14:12:14'),('baf34320-d376-11f0-9e59-2e6112e38707','44444444-d1cc-11f0-9e59-2e6112e38707','murat.yildiz@gmail.com','KISISEL',1,'2025-12-07 14:12:14','2025-12-07 14:12:14'),('baf34408-d376-11f0-9e59-2e6112e38707','55555555-d1cc-11f0-9e59-2e6112e38707','elif.demir@gmail.com','KISISEL',1,'2025-12-07 14:12:14','2025-12-07 14:12:14');
INSERT INTO `telefonlar` VALUES ('b9ecd94f-d376-11f0-9e59-2e6112e38707','6522f71a-d1cc-11f0-9e59-2e6112e38707','+90','5551112233','CEP',1,'2025-12-07 14:12:12','2025-12-07 14:12:12'),('b9ecde19-d376-11f0-9e59-2e6112e38707','653479ae-d1cc-11f0-9e59-2e6112e38707','+90','5051234567','CEP',1,'2025-12-07 14:12:12','2025-12-07 14:12:12'),('b9ecdf80-d376-11f0-9e59-2e6112e38707','653482ab-d1cc-11f0-9e59-2e6112e38707','+90','5329876543','CEP',1,'2025-12-07 14:12:12','2025-12-07 14:12:12'),('bad9eed8-d376-11f0-9e59-2e6112e38707','11111111-d1cc-11f0-9e59-2e6112e38707','+90','5321111111','CEP',1,'2025-12-07 14:12:14','2025-12-07 14:12:14'),('bad9f46c-d376-11f0-9e59-2e6112e38707','22222222-d1cc-11f0-9e59-2e6112e38707','+90','5322222222','CEP',1,'2025-12-07 14:12:14','2025-12-07 14:12:14'),('bad9f5b5-d376-11f0-9e59-2e6112e38707','33333333-d1cc-11f0-9e59-2e6112e38707','+90','5323333333','CEP',1,'2025-12-07 14:12:14','2025-12-07 14:12:14'),('bad9f653-d376-11f0-9e59-2e6112e38707','44444444-d1cc-11f0-9e59-2e6112e38707','+90','5324444444','CEP',1,'2025-12-07 14:12:14','2025-12-07 14:12:14'),('bad9f6ec-d376-11f0-9e59-2e6112e38707','55555555-d1cc-11f0-9e59-2e6112e38707','+90','5325555555','CEP',1,'2025-12-07 14:12:14','2025-12-07 14:12:14');
INSERT INTO `fakulteler` VALUES ('66666666-d1cc-11f0-9e59-2e6112e38707','Mühendislik Fakültesi','muhendislik.ahievran.edu.tr','1995-09-01','2025-12-07 14:12:13','2025-12-07 14:12:13'),('77777777-d1cc-11f0-9e59-2e6112e38707','Fen Edebiyat Fakültesi','fenedebiyat.ahievran.edu.tr','1980-09-01','2025-12-07 14:12:13','2025-12-07 14:12:13'),('88888888-d1cc-11f0-9e59-2e6112e38707','Tıp Fakültesi','tip.ahievran.edu.tr','2000-09-01','2025-12-07 14:12:13','2025-12-07 14:12:13'),('99999999-d1cc-11f0-9e59-2e6112e38707','Eğitim Fakültesi','egitim.ahievran.edu.tr','1985-09-01','2025-12-07 14:12:13','2025-12-07 14:12:13'),('aaaaaaa1-d1cc-11f0-9e59-2e6112e38707','İktisadi ve İdari Bilimler Fakültesi','iibf.ahievran.edu.tr','1990-09-01','2025-12-07 14:12:13','2025-12-07 14:12:13');
INSERT INTO `ana_dallar` VALUES ('bbbbbbb1-d1cc-11f0-9e59-2e6112e38707','Bilgisayar Mühendisliği','66666666-d1cc-11f0-9e59-2e6112e38707','1995-09-01','2025-12-07 14:12:13','2025-12-07 14:12:13'),('ccccccc1-d1cc-11f0-9e59-2e6112e38707','Makine Mühendisliği','66666666-d1cc-11f0-9e59-2e6112e38707','1995-09-01','2025-12-07 14:12:13','2025-12-07 14:12:13'),('ddddddd1-d1cc-11f0-9e59-2e6112e38707','Matematik','77777777-d1cc-11f0-9e59-2e6112e38707','1980-09-01','2025-12-07 14:12:13','2025-12-07 14:12:13'),('eeeeeee1-d1cc-11f0-9e59-2e6112e38707','Fizik','77777777-d1cc-11f0-9e59-2e6112e38707','1980-09-01','2025-12-07 14:12:13','2025-12-07 14:12:13'),('fffffff1-d1cc-11f0-9e59-2e6112e38707','Tıp Bilimleri','88888888-d1cc-11f0-9e59-2e6112e38707','2000-09-01','2025-12-07 14:12:13','2025-12-07 14:12:13');
INSERT INTO `bolumler` VALUES ('11111112-d1cc-11f0-9e59-2e6112e38707','Yazılım Mühendisliği','bbbbbbb1-d1cc-11f0-9e59-2e6112e38707','1995-09-01','2025-12-07 14:12:14','2025-12-07 14:12:14'),('22222223-d1cc-11f0-9e59-2e6112e38707','Veri Bilimi','bbbbbbb1-d1cc-11f0-9e59-2e6112e38707','1995-09-01','2025-12-07 14:12:14','2025-12-07 14:12:14'),('33333334-d1cc-11f0-9e59-2e6112e38707','Termodinamik','ccccccc1-d1cc-11f0-9e59-2e6112e38707','1995-09-01','2025-12-07 14:12:14','2025-12-07 14:12:14'),('44444445-d1cc-11f0-9e59-2e6112e38707','Cebir','ddddddd1-d1cc-11f0-9e59-2e6112e38707','1980-09-01','2025-12-07 14:12:14','2025-12-07 14:12:14'),('55555556-d1cc-11f0-9e59-2e6112e38707','Kuantum Mekaniği','eeeeeee1-d1cc-11f0-9e59-2e6112e38707','1980-09-01','2025-12-07 14:12:14','2025-12-07 14:12:14');

INSERT INTO `dersler` VALUES ('6547c2ce-d1cc-11f0-9e59-2e6112e38707','BLM101','Programlamaya Giriş','Temel programlama kavramları ve C# dili',4,3,5,'2025-12-07 14:12:12','2025-12-07 14:12:12'),('6547c70f-d1cc-11f0-9e59-2e6112e38707','BLM301','Veritabanı Sistemleri','İlişkisel veritabanları ve SQL',3,3,5,'2025-12-07 14:12:12','2025-12-07 14:12:12'),('6547c83c-d1cc-11f0-9e59-2e6112e38707','BLM401','Yazılım Mühendisliği','Yazılım geliştirme süreçleri ve metodolojiler',3,3,5,'2025-12-07 14:12:12','2025-12-07 14:12:12'),('6547c8bf-d1cc-11f0-9e59-2e6112e38707','BLM201','Veri Yapıları','Temel veri yapıları ve algoritmalar',4,3,6,'2025-12-07 14:12:12','2025-12-07 14:12:12'),('66666666-d1cc-11f0-9e59-2e6112e38707','BLM501','Yapay Zeka','Makine öğrenmesi ve yapay zeka algoritmaları',3,3,5,'2025-12-07 14:12:14','2025-12-07 14:12:14'),('77777777-d1cc-11f0-9e59-2e6112e38707','BLM601','Siber Güvenlik','Bilgi güvenliği ve siber tehditler',3,3,5,'2025-12-07 14:12:14','2025-12-07 14:12:14'),('88888888-d1cc-11f0-9e59-2e6112e38707','BLM701','Robotik','Robotik sistemler ve kontrol',3,3,5,'2025-12-07 14:12:14','2025-12-07 14:12:14'),('99999999-d1cc-11f0-9e59-2e6112e38707','BLM801','Blockchain Teknolojileri','Blockchain ve kripto para sistemleri',3,3,5,'2025-12-07 14:12:14','2025-12-07 14:12:14'),('aaaaaaa2-d1cc-11f0-9e59-2e6112e38707','BLM901','Büyük Veri','Büyük veri analitiği ve Hadoop',3,3,5,'2025-12-07 14:12:14','2025-12-07 14:12:14');
INSERT INTO `akademisyen_ders_atamalari` VALUES ('ba0a93c2-d376-11f0-9e59-2e6112e38707','6522f71a-d1cc-11f0-9e59-2e6112e38707','6547c2ce-d1cc-11f0-9e59-2e6112e38707','2025-12-07 14:12:12','2025-12-07 14:12:12'),('ba0a9888-d376-11f0-9e59-2e6112e38707','6522f71a-d1cc-11f0-9e59-2e6112e38707','6547c70f-d1cc-11f0-9e59-2e6112e38707','2025-12-07 14:12:12','2025-12-07 14:12:12'),('ba0a99c4-d376-11f0-9e59-2e6112e38707','6522fbca-d1cc-11f0-9e59-2e6112e38707','6547c8bf-d1cc-11f0-9e59-2e6112e38707','2025-12-07 14:12:12','2025-12-07 14:12:12'),('ba0a9a6c-d376-11f0-9e59-2e6112e38707','6522fbca-d1cc-11f0-9e59-2e6112e38707','6547c83c-d1cc-11f0-9e59-2e6112e38707','2025-12-07 14:12:12','2025-12-07 14:12:12');
INSERT INTO `ogrenci_ders_kayitlari` VALUES ('ba18bb49-d376-11f0-9e59-2e6112e38707','653479ae-d1cc-11f0-9e59-2e6112e38707','6547c2ce-d1cc-11f0-9e59-2e6112e38707','DEVAMEDIYOR','2025-12-07 14:12:13','2025-12-07 14:12:13'),('ba18c03d-d376-11f0-9e59-2e6112e38707','653479ae-d1cc-11f0-9e59-2e6112e38707','6547c8bf-d1cc-11f0-9e59-2e6112e38707','DEVAMEDIYOR','2025-12-07 14:12:13','2025-12-07 14:12:13'),('ba18c394-d376-11f0-9e59-2e6112e38707','653482ab-d1cc-11f0-9e59-2e6112e38707','6547c2ce-d1cc-11f0-9e59-2e6112e38707','DEVAMEDIYOR','2025-12-07 14:12:13','2025-12-07 14:12:13'),('ba18c4e2-d376-11f0-9e59-2e6112e38707','653482ab-d1cc-11f0-9e59-2e6112e38707','6547c70f-d1cc-11f0-9e59-2e6112e38707','DEVAMEDIYOR','2025-12-07 14:12:13','2025-12-07 14:12:13'),('ba18c5c7-d376-11f0-9e59-2e6112e38707','6534845e-d1cc-11f0-9e59-2e6112e38707','6547c83c-d1cc-11f0-9e59-2e6112e38707','DEVAMEDIYOR','2025-12-07 14:12:13','2025-12-07 14:12:13');
INSERT INTO `sinavlar` VALUES ('aaaaaaaa-1111-1111-1111-111111111111','6547c2ce-d1cc-11f0-9e59-2e6112e38707','VIZE','2025-11-10',100,40.00,'2025-12-07 14:12:13','2025-12-07 14:12:13'),('bbbbbbbb-2222-2222-2222-222222222222','6547c2ce-d1cc-11f0-9e59-2e6112e38707','FINAL','2026-01-15',100,60.00,'2025-12-07 14:12:13','2025-12-07 14:12:13'),('cccccccc-3333-3333-3333-333333333333','6547c83c-d1cc-11f0-9e59-2e6112e38707','PROJE','2025-12-20',100,100.00,'2025-12-07 14:12:13','2025-12-07 14:12:13');
INSERT INTO `notlar` VALUES ('ba37b1b6-d376-11f0-9e59-2e6112e38707','aaaaaaaa-1111-1111-1111-111111111111','653479ae-d1cc-11f0-9e59-2e6112e38707',55,'2025-12-07 14:12:13','2025-12-07 14:12:13'),('ba37b7be-d376-11f0-9e59-2e6112e38707','bbbbbbbb-2222-2222-2222-222222222222','653479ae-d1cc-11f0-9e59-2e6112e38707',70,'2025-12-07 14:12:13','2025-12-07 14:12:13'),('ba4857c3-d376-11f0-9e59-2e6112e38707','aaaaaaaa-1111-1111-1111-111111111111','653482ab-d1cc-11f0-9e59-2e6112e38707',85,'2025-12-07 14:12:13','2025-12-07 14:12:13'),('ba485eb5-d376-11f0-9e59-2e6112e38707','bbbbbbbb-2222-2222-2222-222222222222','653482ab-d1cc-11f0-9e59-2e6112e38707',90,'2025-12-07 14:12:13','2025-12-07 14:12:13'),('ba56dbc4-d376-11f0-9e59-2e6112e38707','cccccccc-3333-3333-3333-333333333333','6534845e-d1cc-11f0-9e59-2e6112e38707',100,'2025-12-07 14:12:13','2025-12-07 14:12:13');

